,ISO Code,Country,Region,Year,Cluster,Index,Infrastructure,Affordability,Consumer Readiness,Content and Services,Network coverage,Network performance,Spectrum,Mobile data affordability,Handset affordability,Taxation,Mobile Ownership,Basic Skills,Gender Equality,Local Relevance,Online Security,2G Population Coverage,3G Population Coverage,4G Population Coverage,5G Population Coverage,Mobile download speeds,Mobile upload speeds,Mobile latencies,Spectrum assigned in bands below 1GHz,Spectrum assigned in bands between 1-3GHz,Spectrum assigned in bands between 3-6GHz,Spectrum assigned in mmWave bands,Affordability of entry basket (1GB),Affordability of higher basket (5GB),Affordability of entry basket (1GB) for poorest 40%,Affordability of higher basket (5GB) for poorest 40%,Device affordability,Device affordability for poorest 40%,Cost of taxes on mobile data,Cost of taxes on handsets,Cost of sector specific taxes on mobile data,Mobile ownership,Literacy,School Life Expectancy,Gender gap in mobile ownership,Gender gap in mobile internet,Top-Level Domains (TLDs) per person,E-Government Score,Mobile Social Media Penetration,Locally developed apps per person,Digital Language Support,Language accessibility of top ranked apps,Cybersecurity Index
0,AFG,Afghanistan,South Asia,2014,Discoverer,18.85,19.49,12.99,22.48,22.21,31.72,1.57,30.86,4.69,0.0,55.56,30.85,36.59,0.0,21.13,26.5,88.6,35.0,0.0,,1.17,3.53,0.0,33.48,26.93,,,9.38,9.38,0.0,0.0,0.0,0.0,66.67,100.0,0.0,30.85,43.0,30.18,0.0,0.0,39.39,18.11,3.66,21.11,32.46,0.0,26.5
1,AFG,Afghanistan,South Asia,2015,Discoverer,21.11,20.6,18.02,23.26,23.0,32.96,3.12,30.86,17.28,0.0,55.56,32.17,37.62,0.0,22.29,25.83,89.0,37.89,0.0,,3.37,6.0,0.0,33.48,26.93,,,22.47,22.47,12.09,12.09,0.0,0.0,66.67,100.0,0.0,32.17,43.0,32.24,0.0,0.0,39.43,24.27,4.87,22.57,32.46,0.0,25.83
2,AFG,Afghanistan,South Asia,2016,Discoverer,22.12,22.74,17.86,23.95,24.61,34.24,7.18,30.86,16.88,0.0,55.56,34.21,37.64,0.0,24.47,25.17,89.2,41.01,0.0,,3.46,6.24,11.84,33.48,26.93,,,22.24,22.24,11.52,11.52,0.0,0.0,66.67,100.0,0.0,34.21,43.0,32.28,0.0,0.0,39.45,30.44,7.53,27.71,32.46,0.0,25.17
3,AFG,Afghanistan,South Asia,2017,Discoverer,23.96,30.37,18.03,24.52,24.56,37.88,22.61,30.86,17.29,0.0,55.56,35.9,37.66,0.0,24.57,24.5,89.4,46.0,4.0,,4.89,6.69,56.24,33.48,26.93,,,22.85,22.85,11.73,11.73,0.0,0.0,66.67,100.0,0.0,35.9,43.0,32.32,0.0,0.0,39.35,30.5,8.71,27.08,32.46,0.0,24.5
4,AFG,Afghanistan,South Asia,2018,Discoverer,24.08,31.31,17.82,25.12,24.0,42.8,20.06,30.86,16.78,0.0,55.56,37.69,37.68,0.0,25.57,17.7,90.0,55.0,7.0,,3.99,6.35,49.84,33.48,26.93,,,22.34,22.34,11.22,11.22,0.0,0.0,66.67,100.0,0.0,37.69,43.0,32.36,0.0,0.0,39.28,30.56,9.57,31.28,32.46,0.0,17.7
5,AFG,Afghanistan,South Asia,2019,Discoverer,25.73,33.72,21.39,25.44,23.87,50.8,18.08,30.86,25.71,0.0,55.56,39.57,36.74,0.0,26.98,11.45,90.0,60.0,22.0,,3.96,7.34,42.93,33.48,26.93,,,45.16,17.37,34.04,6.25,0.0,0.0,66.67,100.0,0.0,39.57,41.09,32.4,0.0,0.0,39.31,35.87,9.28,35.91,32.46,0.0,11.45
6,AFG,Afghanistan,South Asia,2020,Discoverer,27.71,37.53,24.06,25.84,25.26,57.7,20.71,30.86,29.08,3.28,55.56,41.51,36.02,0.0,30.28,5.2,90.0,62.44,36.81,,3.8,6.66,51.66,33.48,26.93,,,47.14,22.14,36.02,11.02,6.57,0.0,66.67,100.0,0.0,41.51,39.18,32.85,0.0,0.0,39.62,41.18,11.12,40.14,39.93,0.0,5.2
7,AFG,Afghanistan,South Asia,2021,Discoverer,28.54,38.12,26.96,26.22,24.62,56.54,26.11,25.32,32.13,7.48,55.56,43.61,35.06,0.0,29.47,5.2,90.0,64.97,53.89,0.0,4.62,7.38,66.32,33.48,28.6,0.0,0.0,48.26,27.13,37.14,16.01,12.73,2.22,66.67,100.0,0.0,43.61,37.27,32.85,0.0,0.0,39.84,34.44,10.26,41.87,38.19,0.0,5.2
8,AFG,Afghanistan,South Asia,2022,Discoverer,30.15,42.51,30.33,26.69,24.03,65.76,27.87,25.32,34.05,14.0,55.56,45.01,35.06,0.0,28.73,5.2,90.0,70.0,71.89,0.0,5.28,9.24,69.08,33.48,28.6,0.0,0.0,50.17,29.05,39.05,17.92,19.26,8.74,66.67,100.0,0.0,45.01,37.27,32.85,0.0,0.0,39.51,27.7,7.64,42.98,39.68,0.0,5.2
81,BDI,Burundi,Sub-Saharan Africa,2014,Discoverer,15.35,13.74,8.74,23.97,19.29,9.8,12.16,24.77,2.5,0.0,38.68,16.68,49.93,5.28,21.16,11.8,49.0,0.0,0.0,,3.29,3.19,30.0,23.11,27.26,,,10.0,0.0,0.0,0.0,0.0,0.0,34.62,73.73,7.69,16.68,61.51,38.36,10.57,0.0,13.08,1.57,1.2,34.47,38.19,36.13,11.8
82,BDI,Burundi,Sub-Saharan Africa,2015,Discoverer,20.01,11.76,23.34,27.88,20.93,9.8,7.22,24.77,8.34,0.0,100.0,26.18,52.17,5.28,23.2,11.87,49.0,0.0,0.0,,3.98,5.31,12.37,23.11,27.26,,,22.11,4.49,6.75,0.0,0.0,0.0,100.0,100.0,100.0,26.18,63.8,40.53,10.57,0.0,17.05,8.4,2.62,40.42,38.19,27.05,11.87
83,BDI,Burundi,Sub-Saharan Africa,2016,Discoverer,24.5,19.14,30.53,28.99,21.27,14.2,21.27,24.77,26.33,0.0,100.0,27.85,53.83,5.28,23.6,11.93,49.0,11.0,0.0,,4.86,5.74,53.19,23.11,27.26,,,42.82,25.2,27.46,9.84,0.0,0.0,100.0,100.0,100.0,27.85,66.09,41.57,10.57,0.0,18.65,15.22,3.57,40.69,38.19,18.57,11.93
84,BDI,Burundi,Sub-Saharan Africa,2017,Discoverer,26.6,25.01,28.85,29.69,23.36,29.81,20.33,24.77,39.39,0.0,65.48,28.98,54.81,5.28,26.2,12.0,49.0,39.02,11.0,,5.06,9.01,46.93,23.11,27.26,,,55.88,38.26,40.52,22.9,0.0,0.0,96.43,100.0,0.0,28.98,68.38,41.24,10.57,0.0,18.01,22.89,2.73,42.56,38.19,36.15,12.0
85,BDI,Burundi,Sub-Saharan Africa,2018,Discoverer,25.95,29.35,19.63,33.81,23.28,36.16,24.82,24.77,30.05,0.0,38.05,29.94,53.7,17.78,26.92,8.7,50.0,44.48,20.93,,4.77,8.42,61.27,23.11,27.26,,,46.68,28.79,31.32,13.43,0.0,0.0,34.62,71.84,7.69,29.94,69.96,37.45,10.57,25.0,19.14,30.56,3.79,46.29,38.19,23.82,8.7
86,BDI,Burundi,Sub-Saharan Africa,2019,Discoverer,22.21,32.82,9.93,29.95,24.94,48.28,21.38,24.77,5.81,0.0,38.02,30.61,53.96,5.28,29.87,5.22,95.4,48.0,25.0,,4.24,8.12,51.79,23.11,27.26,,,19.29,0.0,3.93,0.0,0.0,0.0,34.62,71.76,7.69,30.61,71.54,36.38,10.57,0.0,18.86,32.93,4.41,48.25,38.19,46.37,5.22
87,BDI,Burundi,Sub-Saharan Africa,2020,Discoverer,22.29,36.97,9.09,30.39,24.16,50.44,29.6,24.77,3.73,0.0,38.0,31.32,54.57,5.28,29.77,1.73,96.8,50.6,27.1,,3.66,6.86,78.29,23.11,27.26,,,14.93,0.0,0.0,0.0,0.0,0.0,34.62,71.68,7.69,31.32,73.13,36.02,10.57,0.0,18.65,35.29,5.59,49.89,40.61,32.95,1.73
88,BDI,Burundi,Sub-Saharan Africa,2021,Discoverer,22.29,32.17,10.41,30.98,23.78,42.79,27.78,19.73,6.95,0.0,38.12,32.29,55.36,5.28,29.29,1.73,96.8,50.6,32.18,0.0,4.03,6.02,73.28,23.11,27.26,0.0,0.0,21.59,0.0,6.23,0.0,0.0,0.0,34.62,72.07,7.69,32.29,74.71,36.02,10.57,0.0,19.09,34.53,5.99,51.09,40.7,24.7,1.73
89,BDI,Burundi,Sub-Saharan Africa,2022,Discoverer,23.08,32.67,11.2,31.28,24.82,42.79,29.02,19.73,8.88,0.0,38.24,33.18,55.36,5.28,30.59,1.73,96.8,50.6,32.18,0.0,3.9,6.25,76.92,23.11,27.26,0.0,0.0,24.51,1.85,9.15,0.0,0.0,0.0,34.62,72.4,7.69,33.18,74.71,36.02,10.57,0.0,19.22,33.76,5.57,52.99,40.68,35.18,1.73
108,BFA,Burkina Faso,Sub-Saharan Africa,2014,Discoverer,20.24,18.62,23.55,21.26,17.99,30.6,1.42,29.07,17.72,7.39,67.53,29.35,24.98,9.46,14.39,32.4,93.0,30.0,0.0,,2.21,2.05,0.0,22.86,38.4,,,29.3,19.47,15.97,6.14,13.69,1.09,73.73,28.87,100.0,29.35,34.6,15.35,18.92,0.0,1.42,29.92,1.68,29.18,17.18,15.07,32.4
109,BFA,Burkina Faso,Sub-Saharan Africa,2015,Discoverer,21.47,22.49,22.3,22.26,19.02,32.2,9.48,29.07,17.44,4.3,68.02,31.26,26.06,9.46,16.64,28.53,93.0,34.0,0.0,,3.37,3.51,21.58,22.86,38.4,,,29.01,19.19,15.68,5.86,8.61,0.0,73.73,30.33,100.0,31.26,35.79,16.32,18.92,0.0,13.31,24.38,2.12,29.33,17.18,18.12,28.53
110,BFA,Burkina Faso,Sub-Saharan Africa,2016,Discoverer,21.07,20.69,25.89,20.45,17.99,33.8,3.38,29.07,21.81,9.2,67.41,33.34,28.0,0.0,16.32,24.67,93.0,38.0,0.0,,2.2,3.72,4.21,22.86,38.4,,,33.39,23.56,20.06,10.23,15.5,2.9,73.73,28.51,100.0,33.34,36.97,19.03,0.0,0.0,13.51,18.84,3.33,29.06,17.18,18.25,24.67
111,BFA,Burkina Faso,Sub-Saharan Africa,2017,Discoverer,23.55,22.8,24.87,28.6,18.96,37.62,4.83,29.07,20.41,8.05,67.45,34.43,29.51,21.86,18.5,20.8,93.0,46.46,1.1,,3.05,5.65,5.8,22.86,38.4,,,35.35,25.53,15.3,5.48,16.09,0.0,73.73,28.61,100.0,34.43,38.16,20.87,43.72,0.0,13.49,36.16,4.31,30.52,17.18,17.82,20.8
112,BFA,Burkina Faso,Sub-Saharan Africa,2018,Discoverer,29.18,25.45,26.01,44.7,24.49,43.6,5.28,29.47,23.37,7.88,67.57,35.16,31.42,67.52,20.62,40.0,93.0,60.9,1.61,,3.31,6.2,6.33,23.43,38.53,,,40.45,26.33,20.4,6.28,15.76,0.0,73.73,28.99,100.0,35.16,39.35,23.49,65.81,69.23,12.81,53.47,5.99,30.76,17.18,19.25,40.0
113,BFA,Burkina Faso,Sub-Saharan Africa,2019,Discoverer,26.75,35.92,19.4,29.56,24.85,49.58,25.49,29.47,5.74,9.08,67.39,35.74,33.8,19.14,21.07,39.99,97.9,65.0,10.0,,5.39,14.98,56.12,23.43,38.53,,,18.14,4.81,0.0,0.0,18.16,0.0,73.73,28.43,100.0,35.74,41.58,26.03,38.27,0.0,13.26,49.97,7.65,32.31,17.18,19.91,39.99
114,BFA,Burkina Faso,Sub-Saharan Africa,2020,Discoverer,28.19,38.47,21.86,29.28,25.64,53.88,27.55,29.47,11.23,9.73,67.39,36.19,34.88,16.78,22.06,39.98,97.9,65.0,20.74,,9.01,21.19,52.45,23.43,38.53,,,28.29,8.39,8.24,0.0,19.21,0.25,73.73,28.43,100.0,36.19,43.81,25.95,33.56,0.0,13.19,46.47,9.33,34.89,19.99,19.31,39.98
115,BFA,Burkina Faso,Sub-Saharan Africa,2021,Discoverer,28.6,38.91,21.64,30.82,25.77,52.27,33.37,23.27,12.44,7.74,67.86,36.9,35.58,19.98,22.22,39.98,97.9,65.0,41.21,0.0,8.45,22.32,69.34,23.43,38.53,0.0,0.0,28.89,12.05,8.83,0.0,15.48,0.0,73.73,29.84,100.0,36.9,46.04,25.12,28.84,11.11,14.09,41.89,9.98,36.89,19.26,19.91,39.98
116,BFA,Burkina Faso,Sub-Saharan Africa,2022,Discoverer,30.45,46.0,24.69,29.22,25.89,62.7,40.68,23.27,13.58,14.65,67.0,37.66,35.58,14.42,22.36,39.98,97.9,70.0,62.27,0.0,10.2,29.3,82.53,23.43,38.53,0.0,0.0,30.4,13.57,10.35,0.0,24.12,5.17,73.73,27.28,100.0,37.66,46.04,25.12,28.84,0.0,14.18,37.3,9.15,38.39,21.78,19.36,39.98
234,CAF,Central African Republic,Sub-Saharan Africa,2014,Discoverer,18.05,14.18,16.36,18.39,24.9,22.81,0.76,23.72,2.91,4.3,67.38,16.75,23.89,14.54,31.12,0.0,55.5,29.28,0.0,,0.8,1.49,0.0,23.22,24.48,,,5.83,5.83,0.0,0.0,8.61,0.0,70.17,31.97,100.0,16.75,37.4,10.39,29.08,0.0,67.58,3.94,1.52,47.52,6.16,61.72,0.0
235,CAF,Central African Republic,Sub-Saharan Africa,2015,Discoverer,17.93,15.72,15.17,18.69,23.22,26.67,0.76,23.72,1.78,2.45,67.38,17.08,24.45,14.54,28.96,0.23,55.5,38.92,0.0,,0.8,1.49,0.0,23.22,24.48,,,3.56,3.56,0.0,0.0,4.91,0.0,70.17,31.97,100.0,17.08,37.4,11.51,29.08,0.0,67.53,1.97,0.93,45.44,6.16,47.54,0.23
236,CAF,Central African Republic,Sub-Saharan Africa,2016,Discoverer,19.0,16.3,16.84,19.27,24.65,26.94,1.95,23.72,2.39,6.01,67.38,18.23,25.03,14.54,30.7,0.47,55.5,39.6,0.0,,2.04,3.81,0.0,23.22,24.48,,,4.77,4.77,0.0,0.0,12.03,0.0,70.17,31.97,100.0,18.23,37.4,12.66,29.08,0.0,67.41,0.0,1.55,47.95,6.16,60.84,0.47
237,CAF,Central African Republic,Sub-Saharan Africa,2017,Discoverer,20.36,16.5,17.55,22.49,26.37,26.94,2.45,23.72,3.49,6.69,67.38,19.0,25.61,22.87,32.79,0.7,55.5,39.6,0.0,,2.61,4.75,0.0,23.22,24.48,,,6.97,6.97,0.0,0.0,13.39,0.0,70.17,31.97,100.0,19.0,37.4,13.83,45.74,0.0,76.23,10.42,1.84,52.27,6.16,44.48,0.7
238,CAF,Central African Republic,Sub-Saharan Africa,2018,Discoverer,20.98,16.62,17.59,22.91,28.94,26.94,2.75,23.72,3.82,6.47,67.38,19.64,26.21,22.87,35.27,3.6,55.5,39.6,0.0,,2.94,5.3,0.0,23.22,24.48,,,7.63,7.63,0.0,0.0,12.94,0.0,70.17,31.97,100.0,19.64,37.4,15.03,45.74,0.0,76.06,20.83,2.06,56.89,6.16,49.55,3.6
239,CAF,Central African Republic,Sub-Saharan Africa,2019,Discoverer,21.36,18.31,16.51,23.27,29.57,30.4,3.51,23.72,0.9,6.7,67.38,20.08,26.85,22.87,36.1,3.42,55.5,39.6,8.64,,2.93,7.61,0.0,23.22,24.48,,,3.59,0.0,0.0,0.0,13.4,0.0,70.17,31.97,100.0,20.08,37.44,16.26,45.74,0.0,75.89,16.89,2.41,62.16,6.16,50.9,3.42
240,CAF,Central African Republic,Sub-Saharan Africa,2020,Discoverer,22.33,20.82,16.55,23.63,30.5,36.67,3.51,23.72,0.38,7.31,67.38,20.53,27.5,22.87,37.32,3.24,55.5,46.0,17.92,,2.93,7.61,0.0,23.22,24.48,,,1.53,0.0,0.0,0.0,14.62,0.0,70.17,31.97,100.0,20.53,37.49,17.52,45.74,0.0,75.71,12.94,2.81,66.63,6.27,57.43,3.24
241,CAF,Central African Republic,Sub-Saharan Africa,2021,Discoverer,22.92,22.01,16.98,23.88,30.91,42.04,3.51,18.95,0.38,8.37,67.38,21.26,27.5,22.87,37.83,3.24,56.0,55.5,35.6,0.0,2.93,7.61,0.0,23.22,24.48,0.0,0.0,1.51,0.0,0.0,0.0,16.74,0.0,70.17,31.97,100.0,21.26,37.49,17.52,45.74,0.0,75.52,11.28,2.69,69.46,7.0,57.67,3.24
242,CAF,Central African Republic,Sub-Saharan Africa,2022,Discoverer,23.28,24.01,16.57,24.03,30.72,47.04,3.51,18.95,0.05,7.69,67.38,21.71,27.5,22.87,37.59,3.24,56.0,64.0,39.6,0.0,2.93,7.61,0.0,23.22,24.48,0.0,0.0,0.2,0.0,0.0,0.0,15.39,0.0,70.17,31.97,100.0,21.71,37.49,17.52,45.74,0.0,75.32,9.62,2.31,71.86,7.63,52.05,3.24
522,GMB,Gambia,Sub-Saharan Africa,2014,Discoverer,21.51,20.9,18.8,31.93,17.07,42.12,0.89,18.46,2.04,3.48,82.95,32.57,35.16,28.07,19.13,8.8,94.0,58.31,0.0,,1.17,1.52,0.0,22.33,12.66,,,8.17,0.0,0.0,0.0,6.97,0.0,84.78,64.08,100.0,32.57,50.78,19.54,56.14,0.0,26.43,20.47,6.42,33.75,17.32,3.0,8.8
523,GMB,Gambia,Sub-Saharan Africa,2015,Discoverer,22.3,20.87,20.36,32.25,18.06,42.12,0.81,18.46,2.27,7.14,82.95,33.0,35.69,28.07,19.98,10.4,94.0,58.31,0.0,,1.03,1.41,0.0,22.33,12.66,,,9.09,0.0,0.0,0.0,14.28,0.0,84.78,64.08,100.0,33.0,50.78,20.61,56.14,0.0,28.4,20.02,7.08,35.59,17.32,3.0,10.4
524,GMB,Gambia,Sub-Saharan Africa,2016,Discoverer,24.04,25.94,20.61,33.35,18.73,42.52,13.09,18.46,2.43,7.61,82.95,35.15,36.83,28.07,20.41,12.0,96.0,58.31,0.0,,4.17,3.79,31.32,22.33,12.66,,,9.72,0.0,0.0,0.0,15.21,0.0,84.78,64.08,100.0,35.15,51.99,21.68,56.14,0.0,29.07,19.57,10.08,34.3,17.32,3.0,12.0
525,GMB,Gambia,Sub-Saharan Africa,2017,Discoverer,31.97,31.8,35.19,45.86,20.35,45.53,24.75,18.46,35.23,11.26,82.95,36.25,37.98,63.36,22.03,13.6,96.0,58.62,7.2,,5.54,6.45,62.27,22.33,12.66,,,54.82,29.97,40.5,15.65,17.47,5.05,84.78,64.08,100.0,36.25,53.21,22.75,56.14,70.59,29.12,23.32,13.8,36.76,17.32,3.0,13.6
526,GMB,Gambia,Sub-Saharan Africa,2018,Emerging,35.74,34.59,35.44,54.77,24.31,51.02,26.21,18.46,37.65,9.46,82.95,36.97,39.12,88.24,23.38,28.0,96.0,64.63,14.93,,5.74,7.12,65.77,22.33,12.66,,,58.03,33.17,42.13,17.27,18.82,0.11,84.78,64.08,100.0,36.97,54.42,23.82,76.47,100.0,27.6,27.08,14.69,42.25,17.32,3.0,28.0
527,GMB,Gambia,Sub-Saharan Africa,2019,Discoverer,31.58,39.59,22.74,45.63,24.21,58.88,30.86,18.46,8.54,6.85,82.95,37.54,40.26,59.1,22.75,30.06,98.0,67.25,30.96,,7.49,11.42,73.66,22.33,12.66,,,23.9,2.26,8.0,0.0,13.69,0.0,84.78,64.08,100.0,37.54,55.63,24.89,53.49,64.71,27.56,15.01,15.27,44.61,17.32,3.0,30.06
528,GMB,Gambia,Sub-Saharan Africa,2020,Discoverer,31.25,43.4,24.59,36.11,24.75,69.25,30.03,18.46,8.72,11.28,82.95,37.98,41.4,28.94,22.91,32.12,98.0,69.98,54.15,,6.57,9.08,74.43,22.33,12.66,,,24.14,2.49,8.24,0.0,22.56,0.0,84.78,64.08,100.0,37.98,56.85,25.96,57.88,0.0,27.61,2.94,17.33,46.91,19.75,3.0,32.12
529,GMB,Gambia,Sub-Saharan Africa,2021,Discoverer,31.61,41.17,24.87,37.44,26.05,62.13,33.3,14.96,9.84,10.86,82.95,38.65,42.54,31.14,24.53,32.12,98.0,72.83,58.0,0.0,7.47,8.37,84.07,22.33,12.66,0.0,0.0,25.63,3.99,9.73,0.0,21.06,0.67,84.78,64.08,100.0,38.65,58.06,27.03,62.27,0.0,28.53,8.75,18.0,49.8,20.45,3.0,32.12
530,GMB,Gambia,Sub-Saharan Africa,2022,Discoverer,33.87,42.08,24.45,48.61,26.33,64.11,33.6,14.96,10.09,9.55,82.95,39.39,42.54,63.89,24.88,32.12,98.0,75.78,60.0,0.0,8.65,8.62,83.54,22.33,12.66,0.0,0.0,25.97,4.32,10.07,0.0,18.6,0.5,84.78,64.08,100.0,39.39,58.06,27.03,66.67,61.11,27.83,14.55,13.89,52.45,21.45,3.0,32.12
558,GUY,Guyana,Latin America & Caribbean,2014,Emerging,40.27,20.71,57.57,68.03,32.43,19.42,25.8,13.12,61.79,46.44,71.39,40.32,63.78,100.0,37.59,11.8,97.1,0.0,0.0,,5.86,9.17,62.37,7.97,20.84,,,81.05,62.65,60.92,42.52,55.95,36.92,81.03,33.14,100.0,40.32,85.64,41.92,100.0,100.0,43.44,24.41,20.12,47.78,14.43,100.0,11.8
559,GUY,Guyana,Latin America & Caribbean,2015,Emerging,41.09,20.71,58.74,68.14,34.39,19.42,25.8,13.12,62.47,48.68,71.39,42.61,64.52,97.3,38.78,16.83,97.1,0.0,0.0,,5.86,9.17,62.37,7.97,20.84,,,81.67,63.27,61.67,43.28,58.13,39.22,81.03,33.14,100.0,42.61,86.1,42.95,94.6,100.0,48.64,26.34,27.29,40.37,14.43,100.0,16.83
560,GUY,Guyana,Latin America & Caribbean,2016,Emerging,43.83,23.91,58.45,69.91,37.78,27.42,25.8,13.12,62.56,47.88,71.39,45.51,65.27,98.95,41.76,21.87,97.1,20.0,0.0,,5.86,9.17,62.37,7.97,20.84,,,81.81,63.42,61.69,43.3,57.39,38.37,81.03,33.14,100.0,45.51,86.56,43.99,97.91,100.0,49.67,28.26,38.8,41.79,14.43,100.0,21.87
561,GUY,Guyana,Latin America & Caribbean,2017,Emerging,47.48,32.15,55.32,71.17,40.14,37.52,36.3,13.12,52.42,47.8,76.15,47.48,66.03,100.0,43.45,26.9,97.1,30.25,15.0,,8.61,20.73,79.55,7.97,20.84,,,71.92,53.52,51.31,32.91,57.54,38.06,88.6,39.86,100.0,47.48,87.02,45.05,100.0,100.0,48.38,35.66,46.33,40.27,14.43,100.0,26.9
562,GUY,Guyana,Latin America & Caribbean,2018,Emerging,49.26,35.64,58.57,71.96,39.19,42.39,40.14,13.12,60.68,47.67,76.15,49.09,66.79,100.0,45.68,13.2,97.3,39.65,17.68,,11.74,24.14,84.55,7.97,20.84,,,80.26,61.87,59.49,41.1,57.48,37.85,88.6,39.86,100.0,49.09,87.47,46.12,100.0,100.0,48.27,43.06,51.22,42.96,14.43,100.0,13.2
563,GUY,Guyana,Latin America & Caribbean,2019,Emerging,48.03,36.59,47.67,72.61,42.02,48.25,36.68,13.12,32.05,49.06,76.15,50.27,67.57,100.0,47.36,20.66,97.3,51.98,20.0,,9.47,19.19,81.36,7.97,20.84,,,56.01,29.19,34.9,8.09,59.03,39.08,88.6,39.86,100.0,50.27,87.93,47.2,100.0,100.0,48.91,44.77,54.29,46.78,14.43,100.0,20.66
564,GUY,Guyana,Latin America & Caribbean,2020,Emerging,49.64,39.8,44.44,73.34,46.8,54.63,38.32,13.12,24.33,48.7,76.15,51.67,68.34,100.0,51.47,28.11,97.3,64.95,22.97,,9.85,18.76,86.34,7.97,20.84,,,41.52,31.49,17.16,7.14,60.21,37.18,88.6,39.86,100.0,51.67,88.39,48.29,100.0,100.0,49.27,46.47,62.97,54.46,17.43,100.0,28.11
565,GUY,Guyana,Latin America & Caribbean,2021,Transitioner,51.98,37.87,53.89,73.87,48.43,49.14,40.41,10.24,30.74,54.92,98.15,53.05,68.57,100.0,53.51,28.11,97.3,70.3,28.23,0.0,12.18,22.08,86.98,7.97,20.84,0.0,0.0,47.93,37.9,23.58,13.56,66.43,43.41,100.0,94.44,100.0,53.05,88.85,48.29,100.0,100.0,50.28,45.78,66.54,60.09,17.73,100.0,28.11
566,GUY,Guyana,Latin America & Caribbean,2022,Transitioner,55.59,43.02,63.42,74.18,47.19,64.69,37.75,10.24,42.98,66.49,98.15,53.96,68.57,100.0,51.96,28.11,97.3,98.0,39.39,0.0,10.02,18.67,84.57,7.97,20.84,0.0,0.0,60.17,50.15,35.81,25.79,78.0,54.97,100.0,94.44,100.0,53.96,88.85,48.29,100.0,100.0,50.36,45.09,57.26,63.97,15.65,100.0,28.11
783,LBR,Liberia,Sub-Saharan Africa,2014,Discoverer,14.94,15.93,5.35,33.92,17.23,26.78,1.93,22.23,0.0,0.0,26.74,29.08,39.34,33.33,16.39,20.6,60.0,36.95,0.0,,2.15,3.62,0.0,22.33,22.08,,,0.0,0.0,0.0,0.0,0.0,0.0,56.5,23.71,0.0,29.08,48.3,30.37,48.28,18.38,17.76,7.87,4.12,17.12,10.01,58.0,20.6
784,LBR,Liberia,Sub-Saharan Africa,2015,Discoverer,16.33,18.43,5.35,34.56,20.86,32.97,2.0,22.23,0.0,0.0,26.74,30.77,39.59,33.33,21.4,18.7,68.0,48.43,0.0,,2.63,3.36,0.0,22.33,22.08,,,0.0,0.0,0.0,0.0,0.0,0.0,56.5,23.72,0.0,30.77,48.3,30.88,48.28,18.38,28.95,15.89,4.86,26.22,10.01,58.0,18.7
785,LBR,Liberia,Sub-Saharan Africa,2016,Discoverer,19.67,28.99,6.02,41.81,20.48,40.33,21.02,22.23,0.0,0.0,30.11,32.82,39.85,52.78,21.41,16.8,76.0,48.43,14.4,,4.84,6.21,52.01,22.33,22.08,,,0.0,0.0,0.0,0.0,0.0,0.0,66.67,23.68,0.0,32.82,48.3,31.39,87.18,18.38,28.72,23.91,7.97,19.38,10.01,58.0,16.8
786,LBR,Liberia,Sub-Saharan Africa,2017,Discoverer,23.39,35.32,12.14,33.76,20.7,46.72,30.46,22.23,4.54,0.0,51.6,33.91,40.1,27.26,22.16,14.9,76.0,48.94,29.86,,7.1,16.69,67.58,22.33,22.08,,,9.09,9.09,0.0,0.0,0.0,0.0,84.78,13.49,56.52,33.91,48.3,31.9,32.29,22.22,25.93,28.97,10.08,21.27,10.01,58.0,14.9
787,LBR,Liberia,Sub-Saharan Africa,2018,Discoverer,26.22,41.28,11.98,43.41,22.01,56.78,35.31,22.23,4.14,0.0,51.6,34.65,40.35,55.23,22.36,20.6,76.0,55.0,48.94,,9.2,23.77,72.95,22.33,22.08,,,8.28,8.28,0.0,0.0,0.0,0.0,84.78,13.51,56.52,34.65,48.3,32.41,60.45,50.0,25.78,34.03,11.07,18.91,10.01,58.0,20.6
788,LBR,Liberia,Sub-Saharan Africa,2019,Discoverer,25.08,45.0,10.99,36.94,21.67,62.4,38.98,22.23,1.68,0.0,51.6,35.26,40.61,34.96,23.3,15.16,76.0,61.0,57.0,,11.68,27.54,77.7,22.33,22.08,,,6.7,0.0,0.0,0.0,0.0,0.0,84.78,13.5,56.52,35.26,48.3,32.92,34.43,35.48,25.89,29.37,10.52,26.41,10.01,58.0,15.16
789,LBR,Liberia,Sub-Saharan Africa,2020,Discoverer,27.95,45.16,15.81,40.4,21.15,63.8,37.98,22.23,5.1,8.73,51.39,35.73,40.86,44.6,24.01,9.72,83.0,61.0,57.0,,12.85,28.96,72.13,22.33,22.08,,,17.46,0.0,2.94,0.0,15.59,1.86,84.78,12.86,56.52,35.73,48.3,33.43,40.63,48.56,26.11,24.71,13.01,28.92,10.64,58.0,9.72
790,LBR,Liberia,Sub-Saharan Africa,2021,Discoverer,30.16,43.83,19.58,42.77,22.54,57.62,43.05,17.79,6.26,17.04,51.28,36.4,41.12,50.78,25.74,9.72,89.0,64.8,57.0,0.0,12.8,29.33,87.03,22.33,22.08,0.0,0.0,19.78,0.0,5.26,0.0,23.9,10.17,84.78,12.55,56.52,36.4,48.3,33.94,46.84,54.73,26.01,29.44,14.18,34.02,10.78,58.0,9.72
791,LBR,Liberia,Sub-Saharan Africa,2022,Discoverer,30.94,46.16,22.59,38.1,23.08,66.2,40.31,17.79,11.97,18.87,51.28,37.13,41.12,36.05,26.42,9.72,90.0,76.0,67.0,0.0,10.15,28.08,82.69,22.33,22.08,0.0,0.0,27.84,6.71,13.32,0.0,25.73,12.0,84.78,12.55,56.52,37.13,48.3,33.94,53.05,19.05,26.13,34.17,11.96,36.53,11.37,58.0,9.72
792,LBY,Libya,Middle East & North Africa,2014,Emerging,41.52,21.27,68.51,60.93,33.48,30.0,1.84,42.68,66.72,54.57,100.0,50.83,72.33,59.64,34.5,29.4,50.0,50.0,0.0,,1.76,3.76,0.0,42.29,43.27,,,81.23,64.37,69.07,52.21,62.27,46.86,100.0,100.0,100.0,50.83,91.0,53.66,100.0,19.28,44.66,1.57,28.17,43.04,6.6,98.49,29.4
793,LBY,Libya,Middle East & North Africa,2015,Emerging,41.08,21.27,64.45,60.85,34.13,30.0,1.84,42.68,64.81,46.31,100.0,51.0,71.91,59.64,35.9,27.07,50.0,50.0,0.0,,1.76,3.76,0.0,42.29,43.27,,,79.46,62.6,67.01,50.16,53.95,38.67,100.0,100.0,100.0,51.0,91.0,52.81,100.0,19.28,46.96,6.22,32.53,41.03,6.6,98.49,27.07
794,LBY,Libya,Middle East & North Africa,2016,Emerging,44.65,26.93,66.34,61.86,35.98,30.0,15.99,42.68,65.26,50.59,100.0,54.46,71.48,59.64,38.79,24.73,50.0,50.0,0.0,,2.06,3.66,42.24,42.29,43.27,,,79.87,63.01,67.51,50.65,56.19,45.0,100.0,100.0,100.0,54.46,91.0,51.97,100.0,19.28,47.29,10.87,42.84,42.53,6.6,98.49,24.73
795,LBY,Libya,Middle East & North Africa,2017,Transitioner,53.74,44.46,67.49,73.37,37.89,62.72,27.09,42.68,70.85,47.88,100.0,56.37,71.06,92.68,41.76,22.4,78.08,78.08,39.68,,4.95,6.5,69.81,42.29,43.27,,,85.44,68.58,73.11,56.26,51.52,44.24,100.0,100.0,100.0,56.37,91.0,51.12,100.0,85.37,47.64,10.3,52.79,47.38,6.6,98.49,22.4
796,LBY,Libya,Middle East & North Africa,2018,Transitioner,55.22,44.36,69.73,74.94,40.13,62.85,26.71,42.68,71.56,52.76,100.0,57.54,70.64,96.63,45.01,20.6,78.08,78.08,40.0,,5.2,7.61,67.33,42.29,43.27,,,86.16,69.3,73.83,56.97,64.05,41.47,100.0,100.0,100.0,57.54,91.0,50.28,100.0,93.26,48.16,9.72,63.91,52.26,6.6,98.49,20.6
797,LBY,Libya,Middle East & North Africa,2019,Transitioner,53.48,44.04,57.55,74.47,43.34,62.83,25.94,42.68,48.03,45.83,100.0,58.39,70.64,94.38,48.0,24.69,78.0,78.08,40.0,,5.65,9.74,62.43,42.29,43.27,,,58.57,49.82,46.24,37.5,54.67,37.0,100.0,100.0,100.0,58.39,91.0,50.28,100.0,88.76,48.44,6.92,74.1,58.17,6.6,98.49,24.69
798,LBY,Libya,Middle East & North Africa,2020,Transitioner,52.22,45.08,54.76,64.79,46.48,62.83,28.53,42.68,40.42,46.49,100.0,59.3,70.86,64.22,50.9,28.78,78.0,78.08,40.0,,6.57,13.89,65.15,42.29,43.27,,,50.87,42.29,38.54,29.96,54.45,38.54,100.0,100.0,100.0,59.3,91.0,50.72,100.0,28.44,48.81,4.12,86.16,63.28,6.68,95.0,28.78
799,LBY,Libya,Middle East & North Africa,2021,Transitioner,53.96,42.88,62.36,65.2,48.62,55.03,35.11,34.12,61.73,44.17,100.0,60.52,70.86,64.22,53.58,28.78,78.0,78.08,40.0,0.0,9.36,18.36,77.62,42.29,43.27,0.0,0.0,74.95,60.84,62.62,48.52,47.11,41.23,100.0,100.0,100.0,60.52,91.0,50.72,100.0,28.44,48.71,7.01,90.98,67.93,7.55,98.49,28.78
800,LBY,Libya,Middle East & North Africa,2022,Transitioner,57.02,43.59,66.36,76.02,48.06,55.03,36.87,34.12,63.88,52.02,100.0,61.61,70.86,95.6,52.88,28.78,78.0,78.08,40.0,0.0,9.2,19.72,81.7,42.29,43.27,0.0,0.0,77.1,63.0,64.77,50.67,58.11,45.93,100.0,100.0,100.0,61.61,91.0,50.72,100.0,91.21,48.85,9.9,79.81,70.59,10.19,100.0,28.78
954,MOZ,Mozambique,Sub-Saharan Africa,2014,Discoverer,21.0,15.66,24.84,30.34,16.48,24.65,2.62,23.77,13.56,11.07,74.96,29.84,43.33,17.84,19.12,5.9,72.0,25.63,0.0,,2.67,5.19,0.0,22.67,25.43,,,25.3,25.3,1.82,1.82,22.13,0.0,77.35,47.54,100.0,29.84,56.04,30.62,35.67,0.0,11.42,31.5,3.3,20.92,27.6,33.22,5.9
955,MOZ,Mozambique,Sub-Saharan Africa,2015,Discoverer,21.59,16.69,23.68,30.41,18.09,26.69,3.15,23.77,12.65,9.08,74.96,30.3,43.09,17.84,19.91,10.8,72.0,30.72,0.0,,4.01,5.43,0.0,22.67,25.43,,,24.39,24.39,0.91,0.91,18.16,0.0,77.35,47.54,100.0,30.3,56.04,30.14,35.67,0.0,15.38,25.89,3.39,22.85,27.6,34.73,10.8
956,MOZ,Mozambique,Sub-Saharan Africa,2016,Discoverer,26.34,24.59,28.03,35.42,19.71,31.14,18.45,23.77,23.43,9.17,74.96,32.32,44.27,29.68,20.72,15.7,78.0,38.86,0.0,,6.47,8.88,40.0,22.67,25.43,,,35.17,35.17,11.7,11.7,18.34,0.0,77.35,47.53,100.0,32.32,58.35,30.2,59.36,0.0,15.22,20.29,4.96,28.45,27.6,34.4,15.7
957,MOZ,Mozambique,Sub-Saharan Africa,2017,Discoverer,30.76,29.82,28.78,45.35,23.02,32.4,30.26,23.77,24.99,9.47,74.96,33.73,45.59,56.74,23.62,20.6,80.0,41.0,0.0,,7.54,12.2,71.05,22.67,25.43,,,36.73,36.73,13.25,13.25,18.95,0.0,77.35,47.54,100.0,33.73,60.66,30.53,83.05,30.43,20.32,31.33,6.19,29.83,27.6,36.98,20.6
958,MOZ,Mozambique,Sub-Saharan Africa,2018,Discoverer,29.12,34.7,28.9,30.09,23.82,38.4,29.32,38.06,25.45,9.33,74.96,34.94,46.1,9.23,25.83,15.8,80.0,48.0,8.0,,6.26,11.19,70.5,46.48,25.43,,,37.18,37.18,13.71,13.71,18.66,0.0,77.35,47.54,100.0,34.94,61.35,30.86,18.46,0.0,20.64,42.36,7.35,32.85,27.6,39.02,15.8
959,MOZ,Mozambique,Sub-Saharan Africa,2019,Discoverer,30.93,38.44,23.87,38.37,26.0,49.52,27.55,38.06,15.1,7.1,74.96,35.82,46.87,32.41,27.51,19.99,85.0,56.1,25.2,,6.41,12.33,63.92,46.48,25.43,,,38.01,7.84,14.53,0.0,14.2,0.0,77.35,47.54,100.0,35.82,62.04,31.7,43.62,21.2,21.63,47.06,7.87,35.62,27.6,42.57,19.99
960,MOZ,Mozambique,Sub-Saharan Africa,2020,Discoverer,31.84,41.94,24.83,34.8,28.38,53.8,32.01,38.06,14.97,9.62,74.96,36.74,47.64,20.01,29.43,24.18,85.0,60.0,32.0,,6.86,13.16,76.02,46.48,25.43,,,37.79,7.76,14.32,0.0,19.23,0.0,77.35,47.54,100.0,36.74,62.73,32.55,11.46,28.57,22.39,51.76,9.21,36.4,32.71,41.07,24.18
961,MOZ,Mozambique,Sub-Saharan Africa,2021,Discoverer,33.12,40.07,27.15,38.83,28.47,51.49,33.25,30.87,14.42,15.97,74.96,37.96,47.98,30.55,29.54,24.18,85.0,64.73,42.75,0.0,7.02,16.43,76.31,46.48,25.43,0.0,0.0,34.77,11.62,11.3,0.0,27.07,4.88,77.35,47.53,100.0,37.96,63.42,32.55,34.43,26.67,22.83,43.7,9.05,39.49,33.21,42.57,24.18
962,MOZ,Mozambique,Sub-Saharan Africa,2022,Discoverer,34.5,45.15,27.77,39.96,28.29,61.93,35.51,30.87,14.62,17.33,74.96,38.72,47.98,33.18,29.32,24.18,85.0,73.2,60.37,0.0,8.5,21.01,77.02,46.48,25.43,0.0,0.0,36.21,9.55,12.73,0.0,28.43,6.23,77.35,47.53,100.0,38.72,63.42,32.55,49.69,16.67,23.26,35.63,7.45,41.51,35.04,43.0,24.18
963,MRT,Mauritania,Middle East & North Africa,2014,Discoverer,20.65,18.94,27.88,43.72,7.87,33.6,0.72,26.09,21.48,19.15,58.17,43.45,37.7,50.0,6.17,14.7,90.0,39.0,0.0,,0.68,1.48,0.0,28.76,22.08,,,34.86,21.53,21.43,8.1,25.5,12.8,73.73,0.77,100.0,43.45,53.5,21.91,100.0,0.0,0.0,4.72,4.66,0.0,4.39,38.86,14.7
964,MRT,Mauritania,Middle East & North Africa,2015,Discoverer,23.27,19.32,31.43,44.39,10.88,34.23,1.02,26.09,28.43,15.94,68.38,44.86,38.3,50.0,9.93,14.67,90.0,40.58,0.0,,1.45,1.63,0.0,28.76,22.08,,,41.81,28.48,28.38,15.05,22.29,9.6,73.73,65.32,66.1,44.86,53.5,23.11,100.0,0.0,17.91,5.62,5.12,0.0,4.39,38.86,14.67
965,MRT,Mauritania,Middle East & North Africa,2016,Discoverer,27.18,20.0,37.22,44.14,16.61,34.83,2.12,26.09,30.49,22.16,80.8,47.89,38.91,45.61,17.1,14.63,90.0,42.07,0.0,,1.29,2.95,2.11,28.76,22.08,,,43.87,30.54,30.44,17.11,28.51,15.81,84.78,57.61,100.0,47.89,53.5,24.31,91.23,0.0,19.15,6.52,10.18,26.89,4.39,43.29,14.63
966,MRT,Mauritania,Middle East & North Africa,2017,Discoverer,27.77,19.8,31.81,48.85,19.34,34.83,1.63,26.09,30.09,22.16,54.54,49.72,37.5,59.33,20.52,14.6,90.0,42.07,0.0,,1.68,3.2,0.0,28.76,22.08,,,43.46,30.13,30.04,16.71,28.51,15.82,73.73,6.83,83.05,49.72,53.5,21.5,67.14,51.52,37.45,11.25,14.05,17.28,4.39,47.65,14.6
967,MRT,Mauritania,Middle East & North Africa,2018,Discoverer,31.66,27.32,33.58,51.67,21.21,42.2,13.06,26.09,35.15,21.48,54.61,50.99,39.08,64.95,23.83,10.7,95.0,58.0,0.0,,2.42,5.7,31.05,28.76,22.08,,,52.43,31.3,39.0,17.87,27.83,15.13,73.73,7.05,83.05,50.99,56.86,21.3,57.81,72.09,37.36,15.97,16.8,26.36,4.39,52.56,10.7
968,MRT,Mauritania,Middle East & North Africa,2019,Discoverer,34.36,26.97,37.82,58.99,23.16,43.2,11.19,26.09,36.71,30.72,54.24,51.99,42.55,82.42,25.24,14.82,96.0,60.0,0.0,,2.61,6.75,24.21,28.76,22.08,,,53.97,32.87,40.54,19.44,37.06,24.37,73.73,5.93,83.05,51.99,60.23,24.87,90.48,74.36,36.67,12.99,17.13,32.09,4.39,58.92,14.82
969,MRT,Mauritania,Middle East & North Africa,2020,Emerging,35.48,31.5,43.34,45.55,25.49,44.24,21.48,26.09,34.9,47.02,52.86,53.05,45.16,38.43,27.12,18.94,96.3,62.44,0.0,,3.55,6.15,54.74,28.76,22.08,,,55.26,27.96,41.84,14.54,53.37,40.68,73.73,1.79,83.05,53.05,63.59,26.73,74.68,2.19,36.32,10.0,19.87,41.17,5.15,56.2,18.94
970,MRT,Mauritania,Middle East & North Africa,2021,Discoverer,31.43,29.89,27.75,43.97,26.74,36.44,27.78,21.0,23.98,18.18,54.45,54.53,46.85,30.54,28.69,18.94,96.5,64.97,2.0,0.0,5.19,7.9,70.26,28.76,22.08,0.0,0.0,35.6,25.78,22.18,12.35,24.52,11.83,73.73,6.57,83.05,54.53,66.96,26.73,58.89,2.19,36.2,9.76,20.66,46.78,5.46,58.92,18.94
971,MRT,Mauritania,Middle East & North Africa,2022,Discoverer,33.13,31.16,29.61,48.09,27.16,43.26,24.14,21.0,28.27,18.54,54.45,56.08,46.85,41.36,29.21,18.94,96.6,72.0,12.0,0.0,5.38,9.75,57.28,28.76,22.08,0.0,0.0,43.79,26.17,30.36,12.74,24.89,12.2,73.73,6.57,83.05,56.08,66.96,26.73,43.09,39.62,35.98,9.52,16.42,50.48,8.61,59.64,18.94
999,NAM,Namibia,Sub-Saharan Africa,2014,Emerging,40.88,38.63,54.86,61.46,21.45,59.71,18.25,37.22,57.53,34.68,89.86,29.98,67.35,87.05,26.81,0.0,100.0,57.66,41.62,,4.74,8.88,41.15,21.9,60.2,,,86.34,58.27,56.78,28.71,48.66,20.71,84.78,84.78,100.0,29.98,91.5,43.19,100.0,74.1,52.83,32.28,16.56,0.0,22.21,52.62,0.0
1000,NAM,Namibia,Sub-Saharan Africa,2015,Emerging,41.7,41.45,51.0,62.02,23.06,61.98,23.04,37.22,51.29,31.28,89.86,31.58,67.44,87.05,28.27,2.2,100.0,61.64,43.31,,4.44,9.92,54.75,21.9,60.2,,,80.11,52.04,50.54,22.47,45.26,17.31,84.78,84.78,100.0,31.58,91.5,43.38,100.0,74.1,56.67,30.27,17.55,0.0,22.21,59.57,2.2
1001,NAM,Namibia,Sub-Saharan Africa,2016,Emerging,43.66,45.86,54.76,62.72,23.06,64.03,32.0,37.22,56.27,35.72,89.86,33.59,67.53,87.05,27.72,4.4,100.0,65.0,45.07,,6.32,16.74,72.94,21.9,60.2,,,85.08,57.01,55.52,27.45,49.69,21.74,84.78,84.78,100.0,33.59,91.5,43.57,100.0,74.1,57.08,28.26,21.85,0.0,22.21,46.7,4.4
1002,NAM,Namibia,Sub-Saharan Africa,2017,Emerging,46.12,49.04,55.52,62.98,26.38,65.72,38.26,37.22,55.87,38.0,89.86,35.04,67.63,86.27,31.32,6.6,100.0,66.0,48.3,,7.6,25.93,81.26,21.9,60.2,,,84.69,56.62,55.12,27.05,51.97,24.02,84.78,84.78,100.0,35.04,91.5,43.76,100.0,72.55,57.16,36.7,23.5,0.0,22.21,70.79,6.6
1003,NAM,Namibia,Sub-Saharan Africa,2018,Emerging,46.85,50.01,53.0,63.48,28.65,66.8,39.62,37.22,50.74,36.83,89.86,36.04,67.72,86.67,32.63,12.7,100.0,67.0,50.0,,8.26,27.8,82.78,21.9,60.2,,,81.71,49.34,52.15,19.78,50.8,22.85,84.78,84.78,100.0,36.04,91.5,43.95,100.0,73.33,58.28,45.14,25.09,0.0,22.21,70.04,12.7
1004,NAM,Namibia,Sub-Saharan Africa,2019,Emerging,45.69,50.47,44.93,66.7,28.81,68.0,39.56,37.22,31.71,35.68,89.86,36.61,67.94,95.56,32.99,12.09,100.0,69.0,51.0,,8.9,29.41,80.38,21.9,60.2,,,47.98,45.01,18.41,15.45,49.66,21.71,84.78,84.78,100.0,36.61,91.75,44.14,100.0,91.11,58.37,48.75,27.72,0.89,22.21,62.77,12.09
1005,NAM,Namibia,Sub-Saharan Africa,2020,Emerging,44.85,52.74,39.22,66.23,29.53,70.26,42.97,37.22,27.51,25.62,89.86,37.43,68.16,93.1,34.04,11.47,100.0,72.66,53.0,,10.89,36.02,82.01,21.9,60.2,,,46.67,37.91,17.11,8.36,39.59,11.64,84.78,84.78,100.0,37.43,92.0,44.33,97.72,88.47,58.7,52.35,30.64,0.61,21.3,65.59,11.47
1006,NAM,Namibia,Sub-Saharan Africa,2021,Emerging,44.48,49.3,41.67,62.83,30.34,62.38,46.35,29.01,27.66,31.59,89.86,38.43,68.29,81.77,35.05,11.47,100.0,76.51,54.45,0.0,13.81,41.42,83.82,21.9,60.2,0.0,0.0,47.35,37.53,17.79,7.97,45.57,17.62,84.78,84.78,100.0,38.43,92.25,44.33,83.54,80.0,58.57,47.76,32.05,6.93,21.47,64.75,11.47
1007,NAM,Namibia,Sub-Saharan Africa,2022,Emerging,46.24,50.8,45.12,64.75,30.81,64.62,47.87,29.01,34.77,33.11,89.86,39.12,68.29,86.83,35.65,11.47,100.0,80.57,55.97,0.0,15.72,45.24,82.66,21.9,60.2,0.0,0.0,50.41,48.68,20.85,19.12,47.09,19.14,84.78,84.78,100.0,39.12,92.25,44.33,95.88,77.78,58.63,43.16,27.17,13.26,25.28,64.65,11.47
1008,NER,Niger,Sub-Saharan Africa,2014,Discoverer,13.8,12.25,13.22,12.63,17.74,22.8,1.11,13.43,3.99,0.29,57.53,19.23,18.67,0.0,19.97,8.8,80.0,17.0,0.0,,0.72,2.61,0.0,19.05,5.0,,,7.99,7.99,0.0,0.0,0.58,0.0,63.22,34.17,75.21,19.23,37.34,0.0,0.0,0.0,29.9,12.6,0.76,17.59,40.77,9.05,8.8
1009,NER,Niger,Sub-Saharan Africa,2015,Discoverer,14.66,12.89,13.86,13.37,19.36,23.6,1.92,13.43,2.54,0.0,64.19,20.8,19.3,0.0,21.32,11.53,80.0,19.0,0.0,,2.07,3.69,0.0,19.05,5.0,,,5.09,5.09,0.0,0.0,0.0,0.0,59.84,57.32,75.41,20.8,37.34,1.27,0.0,0.0,32.48,9.92,0.78,22.35,40.77,10.47,11.53
1010,NER,Niger,Sub-Saharan Africa,2016,Discoverer,15.73,13.14,12.55,18.56,20.03,24.0,2.12,13.43,4.97,1.38,50.05,21.92,20.11,13.64,21.47,14.27,80.0,20.0,0.0,,2.02,4.35,0.0,19.05,5.0,,,9.94,9.94,0.0,0.0,2.77,0.0,59.84,14.91,75.41,21.92,37.34,2.88,27.27,0.0,32.69,7.25,1.7,23.46,40.77,10.2,14.27
1011,NER,Niger,Sub-Saharan Africa,2017,Discoverer,16.7,14.67,17.16,14.65,21.11,27.4,2.55,13.43,16.5,1.38,50.07,22.8,21.14,0.0,22.14,17.0,89.0,24.0,0.0,,2.35,5.3,0.0,19.05,5.0,,,23.65,23.65,9.34,9.34,2.76,0.0,59.84,14.97,75.41,22.8,37.34,4.93,0.0,0.0,32.75,11.61,2.0,24.36,40.77,10.04,17.0
1012,NER,Niger,Sub-Saharan Africa,2018,Discoverer,17.06,16.62,17.21,15.14,19.55,32.07,2.76,13.43,17.52,0.0,51.0,23.62,21.8,0.0,22.09,9.4,92.0,34.18,0.0,,2.22,6.05,0.0,19.05,5.0,,,24.68,24.68,10.36,10.36,0.0,0.0,59.84,17.77,75.41,23.62,37.34,6.25,0.0,0.0,32.83,15.97,1.97,21.65,40.77,10.53,9.4
1013,NER,Niger,Sub-Saharan Africa,2019,Discoverer,17.4,19.55,14.6,15.68,20.5,39.2,2.95,13.43,8.97,2.08,50.93,24.3,22.73,0.0,23.03,10.39,92.0,44.8,7.2,,2.5,6.35,0.0,19.05,5.0,,,25.09,0.0,10.77,0.0,4.15,0.0,59.84,17.53,75.41,24.3,37.34,8.11,0.0,0.0,32.72,22.69,2.05,22.7,40.77,11.12,10.39
1014,NER,Niger,Sub-Saharan Africa,2020,Discoverer,18.87,23.04,14.65,16.27,23.09,47.89,2.98,13.43,9.03,2.14,50.93,25.13,23.69,0.0,26.02,11.38,92.0,58.73,15.0,,3.47,5.48,0.0,19.05,5.0,,,25.22,0.0,10.91,0.0,4.28,0.0,59.84,17.53,75.41,25.13,37.34,10.05,0.0,0.0,32.97,29.41,2.37,28.44,46.04,11.15,11.38
1015,NER,Niger,Sub-Saharan Africa,2021,Discoverer,20.67,29.05,16.08,16.57,23.59,48.31,18.81,11.02,11.03,3.73,50.86,25.79,23.69,0.23,26.64,11.38,92.0,66.68,31.1,0.0,4.82,7.12,44.49,19.05,5.0,0.0,0.0,25.36,7.74,11.04,0.0,7.46,0.0,59.84,17.34,75.41,25.79,37.34,10.05,0.46,0.0,32.72,34.23,2.47,29.53,45.81,11.12,11.38
1016,NER,Niger,Sub-Saharan Africa,2022,Discoverer,22.6,35.23,17.65,17.69,23.72,61.27,21.29,11.02,12.45,6.28,50.78,26.24,23.69,3.13,26.8,11.38,92.0,72.18,58.0,0.0,5.0,9.08,49.79,19.05,5.0,0.0,0.0,27.25,9.63,12.93,0.0,12.57,0.0,59.84,17.1,75.41,26.24,37.34,10.05,6.25,0.0,32.21,39.04,1.74,32.63,42.39,11.05,11.38
1080,PAK,Pakistan,South Asia,2014,Discoverer,25.92,19.18,42.03,21.42,26.13,31.6,2.06,28.59,61.26,26.83,33.94,30.17,34.1,0.0,28.27,17.6,78.0,33.0,7.0,,2.25,3.94,0.0,30.86,25.2,,,76.91,57.11,65.41,45.61,32.27,21.4,24.53,77.29,0.0,30.17,58.0,10.2,0.0,0.0,29.62,32.28,7.19,48.12,29.01,22.49,17.6
1081,PAK,Pakistan,South Asia,2015,Discoverer,30.12,28.33,43.16,22.46,29.96,41.1,15.42,28.59,76.96,24.88,12.12,31.18,36.2,0.0,30.8,26.63,81.5,46.0,16.0,,3.29,6.73,36.24,30.86,25.2,,,92.61,72.81,81.11,61.31,30.32,19.45,24.53,11.84,0.0,31.18,60.0,12.39,0.0,0.0,31.55,32.45,9.43,53.76,29.01,28.03,26.63
1082,PAK,Pakistan,South Asia,2016,Discoverer,33.19,37.5,42.97,23.14,32.54,54.8,21.79,34.31,72.74,30.59,8.18,33.23,36.19,0.0,31.76,35.67,86.0,67.0,27.0,,5.11,12.03,48.23,40.38,25.2,,,88.39,68.59,76.89,57.09,36.03,25.16,24.53,0.0,0.0,33.23,58.0,14.37,0.0,0.0,31.98,32.61,13.61,55.15,29.01,25.5,35.67
1083,PAK,Pakistan,South Asia,2017,Emerging,36.68,48.59,42.44,24.3,36.12,73.0,30.65,35.64,68.7,32.6,9.6,34.74,38.15,0.0,33.97,44.7,87.0,72.0,67.0,,7.41,18.0,66.53,40.38,28.53,,,84.05,64.25,73.15,53.35,37.75,27.45,28.79,0.0,0.0,34.74,59.13,17.17,0.0,0.0,31.84,43.73,15.23,57.13,29.01,29.57,44.7
1084,PAK,Pakistan,South Asia,2018,Emerging,38.61,51.04,46.18,25.17,37.47,74.2,35.57,35.64,71.87,35.6,15.93,35.98,39.54,0.0,36.66,40.7,88.0,72.9,68.6,,9.27,27.56,69.88,40.38,28.53,,,87.22,67.42,76.33,56.53,40.75,30.45,28.79,19.0,0.0,35.98,62.3,16.77,0.0,0.0,33.04,54.86,16.79,58.65,29.01,36.76,40.7
1085,PAK,Pakistan,South Asia,2019,Emerging,38.52,54.44,38.19,25.85,40.97,75.87,42.4,35.64,53.45,27.95,28.16,36.75,39.57,1.23,38.02,52.79,88.7,76.6,68.73,,10.85,38.45,77.9,40.38,28.53,,,65.42,52.38,54.53,41.48,33.1,22.8,28.79,55.69,0.0,36.75,60.0,19.14,0.0,2.46,33.21,58.9,16.72,61.05,29.01,41.31,52.79
1086,PAK,Pakistan,South Asia,2020,Emerging,41.01,56.56,39.65,27.89,45.23,75.96,47.63,35.64,54.76,30.95,26.82,37.51,40.89,5.26,40.31,64.88,88.8,76.7,68.8,,13.56,46.21,83.11,40.38,28.53,,,67.65,52.77,56.75,41.88,36.1,25.8,28.79,51.67,0.0,37.51,60.0,21.78,0.0,10.53,33.79,62.94,20.44,62.99,31.85,42.07,64.88
1087,PAK,Pakistan,South Asia,2021,Emerging,44.05,54.51,47.02,31.17,47.14,70.28,51.17,29.65,63.44,33.81,40.58,38.98,42.29,12.24,42.71,64.88,88.82,78.1,75.4,0.0,17.01,51.12,85.39,40.38,31.53,0.0,0.0,80.25,57.53,69.35,46.64,38.96,28.66,21.75,100.0,0.0,38.98,62.8,21.78,0.0,24.48,34.03,59.76,31.29,64.42,33.27,41.31,64.88
1088,PAK,Pakistan,South Asia,2022,Emerging,44.92,55.61,50.3,31.19,46.65,71.46,52.75,29.65,68.49,36.97,40.58,39.68,42.29,11.61,42.09,64.88,89.4,79.9,76.4,0.0,17.95,55.17,85.13,40.38,31.53,0.0,0.0,85.59,62.29,74.7,51.4,42.12,31.82,21.75,100.0,0.0,39.68,62.8,21.78,0.0,23.22,33.61,56.58,30.74,65.86,33.82,36.26,64.88
1116,PNG,Papua New Guinea,East Asia & Pacific,2014,Discoverer,28.82,23.44,38.19,45.95,16.78,34.29,5.62,37.37,17.67,27.8,100.0,33.69,47.78,56.38,18.02,11.8,89.0,35.44,5.79,,4.9,8.85,3.1,58.95,5.0,,,24.05,24.05,11.29,11.29,33.83,21.77,100.0,100.0,100.0,33.69,72.0,23.56,69.14,43.62,14.99,0.79,3.49,27.37,5.87,76.0,11.8
1117,PNG,Papua New Guinea,East Asia & Pacific,2015,Discoverer,30.99,28.33,36.37,45.57,19.65,39.49,12.65,37.37,16.47,24.45,100.0,33.93,48.6,54.19,22.03,10.1,89.0,46.46,7.76,,7.53,12.28,18.13,58.95,5.0,,,22.8,22.8,10.13,10.13,30.43,18.46,100.0,100.0,100.0,33.93,72.0,25.2,64.76,43.62,25.34,8.73,3.42,33.17,5.87,76.0,10.1
1118,PNG,Papua New Guinea,East Asia & Pacific,2016,Discoverer,33.19,33.21,40.64,44.1,20.38,45.28,19.06,37.37,19.36,32.24,100.0,36.03,49.42,46.86,23.37,8.4,89.0,58.31,10.4,,8.17,19.29,29.72,58.95,5.0,,,25.74,25.74,12.98,12.98,38.28,26.21,100.0,100.0,100.0,36.03,72.0,26.84,50.11,43.62,25.53,16.67,6.82,32.32,5.87,76.0,8.4
1119,PNG,Papua New Guinea,East Asia & Pacific,2017,Discoverer,33.73,34.91,40.85,43.03,21.09,47.87,20.71,37.37,21.03,31.11,100.0,37.17,50.24,41.67,24.68,6.7,89.0,61.22,13.95,,9.03,27.16,25.94,58.95,5.0,,,27.44,27.44,14.62,14.62,37.16,25.05,100.0,100.0,100.0,37.17,72.0,28.48,54.07,29.26,25.7,21.87,7.86,35.04,5.87,76.0,6.7
1120,PNG,Papua New Guinea,East Asia & Pacific,2018,Emerging,36.51,41.22,42.56,44.09,22.96,50.99,33.37,37.37,28.42,27.99,100.0,37.9,51.06,43.3,25.43,13.1,89.0,64.29,18.7,,15.25,43.3,41.56,58.95,5.0,,,34.82,34.82,22.01,22.01,34.05,21.94,100.0,100.0,100.0,37.9,72.0,30.12,57.34,29.26,25.66,27.08,7.82,36.25,5.87,76.0,13.1
1121,PNG,Papua New Guinea,East Asia & Pacific,2019,Emerging,37.9,46.62,41.31,44.15,24.26,54.62,37.62,48.61,11.93,41.34,100.0,38.68,51.88,41.89,25.4,19.72,89.0,67.0,25.06,,17.13,48.86,46.86,73.24,11.67,,,25.12,10.25,12.36,0.0,47.37,35.3,100.0,100.0,100.0,38.68,72.0,31.76,48.99,34.79,25.74,24.72,8.33,36.69,5.87,76.0,19.72
1122,PNG,Papua New Guinea,East Asia & Pacific,2020,Emerging,40.57,51.45,44.6,44.64,26.44,59.12,45.19,48.61,20.78,40.72,100.0,39.62,52.76,41.54,26.46,26.33,89.0,67.0,36.3,,21.1,52.54,61.94,73.24,11.67,,,36.55,17.76,23.79,5.0,46.75,34.69,100.0,100.0,100.0,39.62,72.0,33.52,52.14,30.94,26.14,22.35,10.04,40.83,6.13,76.0,26.33
1123,PNG,Papua New Guinea,East Asia & Pacific,2021,Emerging,42.2,51.06,50.98,44.58,27.32,64.1,43.49,40.12,30.71,46.74,100.0,40.58,52.76,40.39,27.57,26.33,89.0,73.0,65.0,0.0,18.45,47.92,64.11,73.24,11.67,0.0,0.0,38.58,35.6,25.82,22.84,52.78,40.71,100.0,100.0,100.0,40.58,72.0,33.52,55.25,25.52,26.14,27.49,10.73,43.23,5.98,76.0,26.33
1124,PNG,Papua New Guinea,East Asia & Pacific,2022,Emerging,43.35,51.92,52.08,46.99,27.8,68.9,40.84,40.12,32.8,47.39,100.0,41.07,52.76,47.14,28.17,26.33,89.0,76.0,74.0,0.0,16.66,47.69,58.17,73.24,11.67,0.0,0.0,41.56,36.8,28.8,24.04,53.43,41.36,100.0,100.0,100.0,41.07,72.0,33.52,63.02,31.26,25.91,32.63,9.15,44.42,7.03,76.0,26.33
1197,SDN,Sudan,Middle East & North Africa,2014,Discoverer,26.06,24.04,32.39,31.94,18.55,36.6,1.33,44.33,61.76,12.42,13.58,30.66,37.22,27.95,12.17,44.1,89.0,47.0,0.0,,1.36,2.62,0.0,51.67,33.33,,,68.48,68.48,55.05,55.05,18.77,6.07,34.62,6.13,0.0,30.66,60.7,13.73,41.89,14.0,0.0,29.13,0.0,14.58,10.48,42.42,44.1
1198,SDN,Sudan,Middle East & North Africa,2015,Discoverer,26.0,24.17,32.95,32.83,17.48,36.62,1.65,44.33,62.35,13.24,13.58,31.18,37.33,29.98,12.24,38.43,89.1,47.0,0.0,,2.1,2.84,0.0,51.67,33.33,,,69.06,69.06,55.64,55.64,19.59,6.89,34.62,6.13,0.0,31.18,60.7,13.95,45.96,14.0,9.18,25.44,0.0,14.35,10.48,28.93,38.43
1199,SDN,Sudan,Middle East & North Africa,2016,Discoverer,29.0,33.35,34.08,33.44,18.6,47.49,13.72,44.33,61.88,16.52,13.58,33.29,37.62,29.41,15.06,32.77,89.45,47.0,27.0,,3.25,4.3,33.61,51.67,33.33,,,68.59,68.59,55.17,55.17,22.87,10.17,34.62,6.13,0.0,33.29,60.7,14.55,44.82,14.0,9.56,21.74,6.94,21.63,10.48,31.6,32.77
1200,SDN,Sudan,Middle East & North Africa,2017,Discoverer,27.76,35.69,29.25,32.59,17.47,47.54,19.51,44.33,55.88,10.46,13.58,34.52,37.91,25.34,15.06,27.1,89.7,47.0,27.0,,5.56,13.47,39.51,51.67,33.33,,,62.59,62.59,49.16,49.16,16.81,4.11,34.62,6.13,0.0,34.52,60.7,15.12,36.68,14.0,13.55,18.51,6.29,24.36,10.48,22.71,27.1
1201,SDN,Sudan,Middle East & North Africa,2018,Discoverer,27.46,39.8,22.61,31.95,19.79,47.54,29.78,44.33,48.0,4.14,8.74,35.31,38.2,22.33,17.39,29.4,89.7,47.0,27.0,,6.93,18.25,64.16,51.67,33.33,,,54.72,54.72,41.29,41.29,8.28,0.0,20.37,5.86,0.0,35.31,60.7,15.69,38.66,6.0,13.39,15.28,7.89,27.11,10.48,40.83,29.4
1202,SDN,Sudan,Middle East & North Africa,2019,Discoverer,27.85,35.63,24.67,34.33,19.95,47.6,19.3,44.33,37.32,19.99,8.73,35.85,38.49,28.65,16.88,32.22,90.0,47.0,27.0,,6.07,18.32,33.52,51.67,33.33,,,58.13,29.93,44.7,16.51,26.34,13.64,20.37,5.82,0.0,35.85,60.7,16.28,51.31,6.0,13.96,22.94,2.86,30.1,10.48,31.08,32.22
1203,SDN,Sudan,Middle East & North Africa,2020,Discoverer,30.46,42.72,24.4,37.73,21.89,58.58,26.05,44.33,41.85,14.76,8.77,36.38,38.78,38.04,18.6,35.03,90.9,63.0,38.0,,5.43,8.4,64.32,51.67,33.33,,,61.27,35.86,47.84,22.43,21.1,8.41,20.37,5.93,0.0,36.38,60.7,16.86,54.07,22.0,14.1,30.59,2.67,35.0,8.92,34.03,35.03
1204,SDN,Sudan,Middle East & North Africa,2021,Discoverer,31.9,43.72,28.05,37.23,22.68,55.89,35.49,35.83,51.33,16.6,4.41,37.17,38.78,35.75,19.59,35.03,90.9,73.0,44.0,0.0,7.78,19.25,79.43,51.67,33.33,0.0,0.0,71.89,44.2,58.47,30.78,22.94,10.25,7.14,6.09,0.0,37.17,60.7,16.86,59.49,12.0,14.21,25.89,2.49,36.85,15.44,32.05,35.03
1205,SDN,Sudan,Middle East & North Africa,2022,Discoverer,32.17,47.6,27.2,34.88,23.72,64.24,36.85,35.83,40.84,24.95,4.41,37.83,38.78,28.04,20.9,35.03,90.4,84.0,54.0,0.0,8.92,21.73,79.9,51.67,33.33,0.0,0.0,61.4,33.71,47.98,20.28,31.3,18.61,7.14,6.1,0.0,37.83,60.7,16.86,52.08,4.0,15.24,21.18,2.31,39.17,15.08,44.19,35.03
1224,SLB,Solomon Islands,East Asia & Pacific,2014,Discoverer,24.13,19.15,25.55,58.51,11.83,23.91,0.83,46.29,8.18,11.83,87.74,35.07,65.96,74.5,14.06,2.9,91.0,14.27,0.0,,1.0,1.5,0.0,57.14,30.0,,,14.56,14.56,1.81,1.81,17.86,5.8,100.0,63.22,100.0,35.07,97.0,34.92,87.92,61.08,34.04,5.51,4.03,0.0,6.5,46.0,2.9
1225,SLB,Solomon Islands,East Asia & Pacific,2015,Discoverer,27.16,20.21,25.89,57.51,18.08,25.8,1.57,46.29,11.73,9.14,87.74,37.55,65.82,69.16,21.33,5.1,91.0,19.0,0.0,,1.4,3.32,0.0,57.14,30.0,,,18.1,18.1,5.35,5.35,15.17,3.11,100.0,63.22,100.0,37.55,97.0,34.64,77.24,61.08,41.85,11.09,4.25,25.49,6.5,46.0,5.1
1226,SLB,Solomon Islands,East Asia & Pacific,2016,Discoverer,32.69,25.4,38.02,58.04,20.38,25.8,14.56,46.29,32.51,18.67,87.74,39.97,65.69,68.46,23.65,7.3,91.0,19.0,0.0,,1.15,5.41,37.11,57.14,30.0,,,38.89,38.89,26.13,26.13,24.7,12.64,100.0,63.22,100.0,39.97,97.0,34.37,75.83,61.08,41.89,16.67,6.69,31.84,6.5,46.0,7.3
1227,SLB,Solomon Islands,East Asia & Pacific,2017,Discoverer,32.81,25.19,36.87,60.28,20.71,36.2,3.64,46.29,31.36,16.94,87.74,41.34,65.55,73.95,23.51,9.5,93.0,25.0,19.0,,1.83,6.04,3.05,57.14,30.0,,,37.74,37.74,24.98,24.98,22.97,10.91,100.0,63.22,100.0,41.34,97.0,34.1,83.93,63.96,42.26,20.49,10.55,24.99,6.5,46.0,9.5
1228,SLB,Solomon Islands,East Asia & Pacific,2018,Discoverer,32.74,33.41,28.31,59.62,20.38,44.8,7.02,63.43,12.52,14.38,87.74,42.28,65.42,71.16,23.95,6.1,94.0,45.0,20.0,,2.77,7.97,10.32,85.71,30.0,,,18.91,18.91,6.14,6.14,20.42,8.34,100.0,63.22,100.0,42.28,97.0,33.84,78.36,63.96,41.73,24.31,11.64,24.74,6.5,46.0,6.1
1229,SLB,Solomon Islands,East Asia & Pacific,2019,Discoverer,34.29,35.2,27.8,59.99,23.55,51.6,4.68,63.43,13.43,12.21,87.74,43.3,65.28,71.38,27.79,6.59,95.0,58.99,22.51,,3.54,10.49,0.0,85.71,30.0,,,33.23,0.02,20.46,0.0,18.24,6.17,100.0,63.22,100.0,43.3,97.0,33.57,78.79,63.96,43.85,28.33,13.74,37.7,6.5,46.0,6.59
1230,SLB,Solomon Islands,East Asia & Pacific,2020,Emerging,39.28,44.54,33.64,62.08,25.59,55.93,23.71,63.43,7.43,32.8,87.74,44.54,65.15,76.54,30.22,7.08,95.0,66.98,25.34,,4.05,9.34,57.73,85.71,30.0,,,19.22,4.05,6.45,0.0,38.83,26.76,100.0,63.22,100.0,44.54,97.0,33.3,89.44,63.64,44.59,32.35,18.02,42.8,6.5,46.0,7.08
1231,SLB,Solomon Islands,East Asia & Pacific,2021,Emerging,39.9,41.8,37.93,60.3,26.51,49.91,28.66,51.86,6.33,44.63,87.74,45.91,65.15,69.83,31.37,7.08,95.0,72.5,28.52,0.0,5.78,11.29,68.9,85.71,30.0,0.0,0.0,13.31,11.47,0.55,0.0,50.66,38.6,100.0,63.22,100.0,45.91,97.0,33.3,76.03,63.64,44.96,34.56,19.08,44.96,7.56,46.0,7.08
1232,SLB,Solomon Islands,East Asia & Pacific,2022,Emerging,38.91,40.26,33.73,62.21,27.14,53.04,21.68,51.86,10.89,29.57,87.74,46.8,65.15,74.69,32.15,7.08,95.0,78.48,30.38,0.0,5.51,12.02,47.5,85.71,30.0,0.0,0.0,18.78,15.78,6.01,3.01,35.6,23.53,100.0,63.22,100.0,46.8,97.0,33.3,81.44,67.93,44.65,36.76,16.92,48.94,8.88,46.0,7.08
1233,SLE,Sierra Leone,Sub-Saharan Africa,2014,Discoverer,15.57,12.71,14.89,26.95,11.52,23.4,1.09,14.57,4.33,10.55,44.69,31.64,34.35,14.86,12.92,5.9,81.0,18.0,0.0,,1.21,2.06,0.0,16.29,12.0,,,14.65,1.75,0.94,0.0,17.03,4.06,50.0,64.08,20.0,31.64,43.2,25.49,29.49,0.24,12.91,4.72,2.48,0.0,11.86,70.0,5.9
1234,SLE,Sierra Leone,Sub-Saharan Africa,2015,Discoverer,16.42,13.63,12.46,27.93,15.32,25.0,1.8,14.57,2.75,6.05,44.69,34.37,34.56,14.86,16.96,8.77,81.0,22.0,0.0,,2.41,2.99,0.0,16.29,12.0,,,11.0,0.0,0.0,0.0,12.11,0.0,50.0,64.08,20.0,34.37,43.2,25.92,29.49,0.24,30.95,8.16,2.9,0.0,11.86,70.0,8.77
1235,SLE,Sierra Leone,Sub-Saharan Africa,2016,Discoverer,20.37,16.46,21.94,26.63,17.9,27.4,6.45,14.57,3.95,9.42,82.95,36.66,34.78,8.45,19.47,11.63,81.0,28.0,0.0,,6.19,6.86,6.32,16.29,12.0,,,14.15,1.24,0.43,0.0,15.9,2.94,84.78,64.08,100.0,36.66,43.2,26.35,16.67,0.24,31.91,11.59,4.45,8.33,11.86,70.0,11.63
1236,SLE,Sierra Leone,Sub-Saharan Africa,2017,Discoverer,22.6,22.92,16.92,30.96,21.73,30.2,19.82,14.57,3.88,7.63,61.59,37.9,34.99,20.0,23.54,14.5,81.0,35.0,0.0,,7.15,8.1,44.21,16.29,12.0,,,14.05,1.14,0.33,0.0,14.11,1.14,84.78,0.0,100.0,37.9,43.2,26.78,40.0,0.0,32.0,23.16,5.95,21.33,11.86,70.0,14.5
1237,SLE,Sierra Leone,Sub-Saharan Africa,2018,Discoverer,28.39,33.3,20.93,40.05,23.28,44.68,31.28,14.57,14.47,7.06,61.59,38.78,35.21,46.15,25.65,13.8,83.8,41.0,28.81,,9.31,20.47,64.06,16.29,12.0,,,27.78,14.87,14.06,1.15,13.55,0.58,84.78,0.0,100.0,38.78,43.2,27.21,42.31,50.0,32.39,34.72,7.5,24.16,11.86,70.0,13.8
1238,SLE,Sierra Leone,Sub-Saharan Africa,2019,Discoverer,29.29,40.64,18.6,37.81,25.76,57.4,36.91,14.57,6.85,8.86,61.59,39.52,36.18,37.74,27.31,19.56,85.0,60.0,41.0,,9.04,20.03,81.66,16.29,12.0,,,16.77,7.6,3.05,0.0,15.34,2.37,84.78,0.0,100.0,39.52,44.7,27.65,13.58,61.9,32.52,32.66,8.69,32.16,11.86,70.0,19.56
1239,SLE,Sierra Leone,Sub-Saharan Africa,2020,Discoverer,31.06,43.84,18.85,38.85,28.99,65.6,36.72,14.57,6.53,9.79,61.59,40.15,37.15,39.27,29.91,25.31,86.0,80.0,41.0,,7.58,18.49,84.08,16.29,12.0,,,19.78,0.29,6.06,0.0,16.27,3.3,84.78,0.0,100.0,40.15,46.2,28.09,40.92,37.62,33.13,30.59,10.3,37.8,18.04,70.0,25.31
1240,SLE,Sierra Leone,Sub-Saharan Africa,2021,Discoverer,33.44,41.39,20.33,50.63,29.34,60.38,37.22,11.74,7.06,12.98,61.59,40.98,37.9,73.02,30.34,25.31,88.97,80.0,48.7,0.0,8.87,18.26,84.52,16.29,12.0,0.0,0.0,20.97,0.0,7.25,0.0,19.46,6.49,84.78,0.0,100.0,40.98,47.7,28.09,68.25,77.78,33.07,29.3,10.95,40.04,17.99,70.0,25.31
1241,SLE,Sierra Leone,Sub-Saharan Africa,2022,Emerging,35.3,42.4,28.17,43.82,29.67,62.52,37.62,11.74,23.56,16.07,61.59,41.92,37.9,51.63,30.76,25.31,93.2,83.0,50.0,0.0,9.7,20.23,82.93,16.29,12.0,0.0,0.0,34.34,26.51,20.62,12.79,22.56,9.59,84.78,0.0,100.0,41.92,47.7,28.09,40.3,62.96,32.84,28.01,9.21,42.97,19.75,70.0,25.31
1260,SSD,South Sudan,Sub-Saharan Africa,2014,Discoverer,12.19,12.47,30.7,11.77,4.9,18.0,0.79,24.77,43.97,19.06,27.44,18.05,17.26,0.0,3.93,8.8,50.0,20.0,0.0,,0.4,1.97,0.0,23.11,27.26,,,63.33,44.28,43.66,24.6,24.74,13.38,50.0,12.32,20.0,18.05,34.52,0.0,0.0,0.0,0.0,0.79,0.98,0.0,8.53,19.5,8.8
1261,SSD,South Sudan,Sub-Saharan Africa,2015,Discoverer,12.52,12.83,30.57,11.96,5.24,18.0,1.68,24.77,43.74,18.97,27.44,18.63,17.26,0.0,4.53,8.1,50.0,20.0,0.0,,1.29,3.75,0.0,23.11,27.26,,,62.94,43.89,43.6,24.54,28.32,9.62,50.0,12.32,20.0,18.63,34.52,0.0,0.0,0.0,0.0,6.55,1.21,0.0,8.53,19.26,8.1
1262,SSD,South Sudan,Sub-Saharan Africa,2016,Discoverer,13.81,13.04,19.08,21.57,6.78,18.0,2.22,24.77,13.25,20.74,27.44,18.82,17.41,28.49,6.62,7.4,50.0,20.0,0.0,,2.1,4.56,0.0,23.11,27.26,,,30.36,11.31,11.32,0.0,28.5,12.98,50.0,12.32,20.0,18.82,34.52,0.29,56.99,0.0,0.0,12.32,1.38,0.0,8.53,34.09,7.4
1263,SSD,South Sudan,Sub-Saharan Africa,2017,Discoverer,10.57,14.08,12.12,12.06,6.05,20.0,2.82,24.77,5.99,13.38,21.87,17.17,17.41,1.61,5.89,6.7,50.0,25.0,0.0,,3.05,5.4,0.0,23.11,27.26,,,20.69,1.64,1.65,0.0,26.76,0.0,40.63,3.11,21.88,17.17,34.52,0.29,3.23,0.0,0.0,11.71,1.55,0.0,8.53,27.05,6.7
1264,SSD,South Sudan,Sub-Saharan Africa,2018,Discoverer,11.62,16.82,12.83,11.72,7.2,27.65,2.01,24.77,13.45,15.24,6.79,16.14,17.41,1.61,7.37,6.5,69.0,34.63,0.0,,2.08,3.95,0.0,23.11,27.26,,,30.63,11.57,11.58,0.0,25.62,4.87,20.37,0.0,0.0,16.14,34.52,0.29,3.23,0.0,0.0,11.11,2.0,0.0,8.53,41.56,6.5
1265,SSD,South Sudan,Sub-Saharan Africa,2019,Discoverer,6.67,18.84,1.36,12.7,6.08,31.96,2.74,24.77,0.0,0.0,6.79,19.08,17.41,1.61,6.07,6.13,69.0,45.4,0.0,,2.83,5.4,0.0,23.11,27.26,,,0.0,0.0,0.0,0.0,0.0,0.0,20.37,0.0,0.0,19.08,34.52,0.29,3.23,0.0,0.61,5.56,2.48,0.89,8.53,30.1,6.13
1266,SSD,South Sudan,Sub-Saharan Africa,2020,Discoverer,7.02,23.63,1.36,13.82,5.49,38.4,8.28,24.77,0.0,0.0,6.79,22.45,17.41,1.61,5.42,5.75,69.0,59.51,2.0,,2.98,5.92,15.95,23.11,27.26,,,0.0,0.0,0.0,0.0,0.0,0.0,20.37,0.0,0.0,22.45,34.52,0.29,3.23,0.0,1.43,0.0,3.96,0.61,11.01,20.2,5.75
1267,SSD,South Sudan,Sub-Saharan Africa,2021,Discoverer,7.94,26.84,1.36,14.08,7.75,45.02,12.2,19.73,0.0,0.0,6.79,23.21,17.41,1.61,8.25,5.75,69.0,66.31,29.0,0.0,5.99,7.78,22.82,23.11,27.26,0.0,0.0,0.0,0.0,0.0,0.0,0.0,0.0,20.37,0.0,0.0,23.21,34.52,0.29,3.23,0.0,0.74,2.59,4.44,6.93,11.66,32.34,5.75
1268,SSD,South Sudan,Sub-Saharan Africa,2022,Discoverer,8.83,33.26,1.36,14.21,9.48,50.9,22.38,19.73,0.0,0.0,6.79,23.6,17.41,1.61,10.41,5.75,69.0,69.0,41.0,0.0,6.47,7.27,53.4,23.11,27.26,0.0,0.0,0.0,0.0,0.0,0.0,0.0,0.0,20.37,0.0,0.0,23.6,34.52,0.29,3.23,0.0,0.12,5.18,4.0,13.26,14.13,35.87,5.75
1314,TCD,Chad,Sub-Saharan Africa,2014,Discoverer,10.31,15.7,17.89,12.67,3.17,23.88,1.31,28.1,5.75,5.87,66.22,17.54,20.48,0.0,3.24,2.9,85.0,11.2,6.0,,1.24,2.69,0.0,23.22,35.43,,,16.0,6.17,0.85,0.0,11.73,0.0,73.73,24.92,100.0,17.54,26.0,14.97,0.0,0.0,0.0,4.72,0.69,0.0,6.14,14.0,2.9
1315,TCD,Chad,Sub-Saharan Africa,2015,Discoverer,10.89,16.22,10.92,13.41,5.91,25.2,1.31,28.1,14.33,2.56,20.83,19.03,21.21,0.0,6.31,4.33,86.0,13.0,7.0,,1.24,2.69,0.0,23.22,35.43,,,26.82,16.99,11.67,1.85,5.12,0.0,40.63,0.0,21.88,19.03,26.0,16.41,0.0,0.0,12.79,9.25,1.19,0.0,6.14,13.6,4.33
1316,TCD,Chad,Sub-Saharan Africa,2016,Discoverer,12.34,19.34,11.22,16.45,6.49,29.44,4.85,28.1,13.03,4.62,20.83,31.82,17.53,0.0,6.67,5.77,86.0,22.01,8.6,,4.61,9.94,0.0,23.22,35.43,,,25.51,15.69,10.37,0.54,9.23,0.0,40.63,0.0,21.88,31.82,22.31,12.75,0.0,0.0,12.09,13.77,1.22,0.0,6.14,14.08,5.77
1317,TCD,Chad,Sub-Saharan Africa,2017,Discoverer,12.06,25.9,6.47,17.59,7.17,33.6,17.11,28.1,9.37,3.87,5.88,34.22,18.55,0.0,7.16,7.2,86.0,32.0,9.0,,6.83,13.35,31.15,23.22,35.43,,,20.81,10.99,5.67,0.0,7.74,0.0,17.65,0.0,0.0,34.22,23.2,13.9,0.0,0.0,13.36,14.17,1.71,0.0,6.14,14.98,7.2
1318,TCD,Chad,Sub-Saharan Africa,2018,Discoverer,13.02,28.94,6.96,18.56,7.68,38.8,19.51,28.1,8.72,5.73,5.88,36.09,19.58,0.0,7.15,9.8,86.0,42.0,12.0,,8.43,18.25,31.85,23.22,35.43,,,21.12,7.79,5.98,0.0,11.45,0.0,17.65,0.0,0.0,36.09,24.09,15.07,0.0,0.0,13.23,14.58,0.76,0.0,6.14,16.67,9.8
1319,TCD,Chad,Sub-Saharan Africa,2019,Discoverer,10.13,29.17,1.62,19.46,11.49,42.12,16.76,28.1,1.1,0.0,5.88,37.76,20.62,0.0,8.09,25.12,86.0,43.0,19.3,,6.68,17.0,26.6,23.22,35.43,,,4.39,0.0,0.0,0.0,0.0,0.0,17.65,0.0,0.0,37.76,24.98,16.27,0.0,0.0,13.81,17.29,2.01,0.89,6.14,17.89,25.12
1320,TCD,Chad,Sub-Saharan Africa,2020,Discoverer,12.45,35.54,2.21,20.02,15.31,45.14,29.67,28.1,2.58,0.0,5.88,38.39,21.68,0.0,9.03,40.44,86.1,48.0,21.8,,7.9,21.26,59.85,23.22,35.43,,,10.32,0.0,0.0,0.0,0.0,0.0,17.65,0.0,0.0,38.39,25.87,17.49,0.0,0.0,14.19,20.0,2.78,0.61,8.73,17.67,40.44
1321,TCD,Chad,Sub-Saharan Africa,2021,Discoverer,19.86,35.76,12.67,20.5,16.76,41.01,37.27,22.24,2.71,0.0,57.91,39.38,22.12,0.0,10.83,40.44,86.1,59.0,22.0,0.0,8.95,26.74,76.11,23.22,35.43,0.0,0.0,10.84,0.0,0.0,0.0,0.0,0.0,73.73,0.0,100.0,39.38,26.76,17.49,0.0,0.0,14.29,23.63,3.29,6.93,8.9,17.89,40.44
1322,TCD,Chad,Sub-Saharan Africa,2022,Discoverer,23.67,35.2,17.94,27.16,18.3,41.01,35.86,22.24,3.79,0.0,82.14,40.62,22.12,18.75,12.76,40.44,86.1,59.0,22.0,0.0,8.85,25.78,72.97,23.22,35.43,0.0,0.0,12.68,2.47,0.0,0.0,0.0,0.0,73.73,72.7,100.0,40.62,26.76,17.49,0.0,37.5,13.81,27.26,2.78,13.26,11.42,17.79,40.44
